-- phpMyAdmin SQL Dump
-- version 5.2.1
-- https://www.phpmyadmin.net/
--
-- 主机： localhost:8889
-- 生成日期： 2024-12-06 18:07:05
-- 服务器版本： 8.0.35
-- PHP 版本： 8.2.20

SET SQL_MODE = "NO_AUTO_VALUE_ON_ZERO";
START TRANSACTION;
SET time_zone = "+00:00";


/*!40101 SET @OLD_CHARACTER_SET_CLIENT=@@CHARACTER_SET_CLIENT */;
/*!40101 SET @OLD_CHARACTER_SET_RESULTS=@@CHARACTER_SET_RESULTS */;
/*!40101 SET @OLD_COLLATION_CONNECTION=@@COLLATION_CONNECTION */;
/*!40101 SET NAMES utf8mb4 */;

--
-- 数据库： `WelcomeHome`
--

-- --------------------------------------------------------

--
-- 表的结构 `Act`
--

CREATE TABLE `Act` (
  `userName` varchar(50) NOT NULL,
  `roleID` varchar(20) NOT NULL
) ENGINE=InnoDB DEFAULT CHARSET=utf8mb4 COLLATE=utf8mb4_0900_ai_ci;

--
-- 转存表中的数据 `Act`
--

INSERT INTO `Act` (`userName`, `roleID`) VALUES
('VivianZhao222', '1'),
('zlx98', '2'),
('xjy99', '4');

-- --------------------------------------------------------

--
-- 表的结构 `Category`
--

CREATE TABLE `Category` (
  `mainCategory` varchar(50) NOT NULL,
  `subCategory` varchar(50) NOT NULL,
  `catNotes` text
) ENGINE=InnoDB DEFAULT CHARSET=utf8mb4 COLLATE=utf8mb4_0900_ai_ci;

--
-- 转存表中的数据 `Category`
--

INSERT INTO `Category` (`mainCategory`, `subCategory`, `catNotes`) VALUES
('electronics', 'TV', NULL),
('furniture ', 'chair', NULL),
('furniture ', 'sofa', NULL);

-- --------------------------------------------------------

--
-- 表的结构 `Delivered`
--

CREATE TABLE `Delivered` (
  `userName` varchar(50) NOT NULL,
  `orderID` int NOT NULL,
  `status` varchar(20) NOT NULL,
  `date` date NOT NULL
) ENGINE=InnoDB DEFAULT CHARSET=utf8mb4 COLLATE=utf8mb4_0900_ai_ci;

-- --------------------------------------------------------

--
-- 表的结构 `DonatedBy`
--

CREATE TABLE `DonatedBy` (
  `ItemID` int NOT NULL,
  `userName` varchar(50) NOT NULL,
  `donateDate` date NOT NULL
) ENGINE=InnoDB DEFAULT CHARSET=utf8mb4 COLLATE=utf8mb4_0900_ai_ci;

--
-- 转存表中的数据 `DonatedBy`
--

INSERT INTO `DonatedBy` (`ItemID`, `userName`, `donateDate`) VALUES
(1, 'VivianZhao222', '2024-11-16'),
(2, 'VivianZhao222', '2024-11-16'),
(4, 'VivianZhao222', '2024-11-24'),
(5, 'VivianZhao222', '2024-12-06'),
(6, 'VivianZhao222', '2024-12-06'),
(7, 'VivianZhao222', '2024-12-06');

-- --------------------------------------------------------

--
-- 表的结构 `Item`
--

CREATE TABLE `Item` (
  `ItemID` int NOT NULL,
  `iDescription` text,
  `photo` blob,
  `color` varchar(20) DEFAULT NULL,
  `isNew` tinyint(1) DEFAULT '1',
  `hasPieces` tinyint(1) DEFAULT NULL,
  `material` varchar(50) DEFAULT NULL,
  `mainCategory` varchar(50) NOT NULL,
  `subCategory` varchar(50) NOT NULL
) ENGINE=InnoDB DEFAULT CHARSET=utf8mb4 COLLATE=utf8mb4_0900_ai_ci;

--
-- 转存表中的数据 `Item`
--

INSERT INTO `Item` (`ItemID`, `iDescription`, `photo`, `color`, `isNew`, `hasPieces`, `material`, `mainCategory`, `subCategory`) VALUES
(1, 'Two-piece yellow sofa', 0xffd8ffe000104a46494600010100004800480000ffe100844578696600004d4d002a0000000800030112000300000001000100000131000200000020000000328769000400000001000000520000000041646f62652050686f746f73686f702043533620284d6163696e746f736829000003a00100030000000100010000a00200040000000100000140a003000400000001000000e400000000ffc200110800e4014003012200021101031101ffc4001f0000010501010101010100000000000000030204010500060708090a0bffc400c31000010303020403040604070604080673010200031104122105311322100641513214617123078120914215a15233b124623016c172d14392348208e1534025631735f09373a25044b283f1265436649474c260d284a31870e227453765b35575a495c385f2d3467680e3475666b4090a191a28292a38393a48494a5758595a6768696a7778797a868788898a90969798999aa0a5a6a7a8a9aab0b5b6b7b8b9bac0c4c5c6c7c8c9cad0d4d5d6d7d8d9dae0e4e5e6e7e8e9eaf3f4f5f6f7f8f9faffc4001f0100030101010101010101010000000000010200030405060708090a0bffc400c31100020201030303020305020502040487010002110310122104203141130530223251144006332361421571523481502491a143b11607623553f0d12560c144e172f117826336702645549227a2d208090a18191a28292a3738393a464748494a55565758595a6465666768696a737475767778797a80838485868788898a90939495969798999aa0a3a4a5a6a7a8a9aab0b2b3b4b5b6b7b8b9bac0c2c3c4c5c6c7c8c9cad0d3d4d5d6d7d8d9dae0e2e3e4e5e6e7e8e9eaf2f3f4f5f6f7f8f9faffdb004300020202020202030202030503030305060505050506080606060606080a0808080808080a0a0a0a0a0a0a0a0c0c0c0c0c0c0e0e0e0e0e0f0f0f0f0f0f0f0f0f0fffdb00430102020204040407040407100b090b1010101010101010101010101010101010101010101010101010101010101010101010101010101010101010101010101010ffda000c03010002110311000001fbfb6d5b6d5b6d5b6d5b6d5b6d5b6d5b6d5b6d5b6d5b6d5b6d5b6d5b6d5b6d5b6d5b6d5b6d5b6d5b6d5b6d5b6d5b6d5b6d5b6d5b6d5b6d5b6d5b6d5b6d5b6d5b6d5b6d5b6d5b6d5b6d5b6d5b6d5b6d5b6d5b6d5b6d5b89b9fcfcf99f67efab3fce39f1bd2fd2327e6f1dd3f47d5f9d162ebfa0dbe0192bf7eef81a01fbea9be12a3c75fd1b3fe735b32fe81ef82ee35cbedcdf154bafda9be26946fb637c492adf6ccfcf1f43fd2f8db6deaf1edb56db56db56db56db56dbccf975ecfe07f4be43f38fafe35b760f3e6fdae10be81546e59407996ba6499b24d06c9a44e16abcfd8d25d75ca9c5e6693e2e24695c0265b0974f5cfacfe35f6ffbbf95f5bdc25dfdefcdf41825ede79db1b6dab6dab6daa3e39faffe28f88fa1e144cecbf3cfb17965cbbccee8974eec273ccfbbe1fac3d5b77bc7d325ce79c8ecda59f38f2de8b9be8fdcccce106f3b55ab2b29085b073c9f4dc5f57ed70dd39a2379dbf46f3997dced7feb5c0fd8df5de02f6dfac7c56db56db56db533f8d3ecbf903e13e93c723d3eb3e47dfe585d450f9fdc6774773c8efce27289c0bfb1abec6b572171e7eb1615ceb1b87b5097d7c9e381b8e1d90a56cc8f8eebbcf7d3e67b72d1e6c12611b0775694f63c9a7d15ec7f9d56df6df37fa0d69f9efe8be8f17d8bab6cbeebe6f6db45db6a6bf2c7d53f30fc47bf34d7b47f15ef79a67553e57ab5b74eb81ebc7d467cf6d7834eb782bd7fa0a77b64506a8b67b36e3df5cd5f528d3cddbcd6827d61cb714c7d2c9d7979f07d1f35e5965e82d98f1553d6727d2ad96c67a72b3bfe7ef7cfe9fa4be8df8b7ecbfb9f923edbef3e736da87f307d47f317c77b62a0bca2f80fa4e468ba5a7f23d3b6f01fa13c13d7e4eaefa95fe1a5caea55c9bdc2aaa55ad66ac8b5aaab14b58731729d050f4dc7db74a743015f9da92214864a23990a4e12395eb1a6c3cdfa7b9a6f432f40fb2be31fb3bea7e76db6dfa87c8edb56f9a3e97f9b3e53d8aba0bba5fce7ea39aa9b5aef1bd25796f73ce7a59db3c7a6e2debcaf0f8964a7f39cd16ea1601965ccb10bb43cd2bafd86eb60752f8d80e209066e1253034a980907969b739d372bd8bdcfdabf1dfd9dfa0fca4e8dfa2fcbcedab7ce3f46f807cdfa9c7d3d8d57e67f5940c9cb1f17d1e6aa89e39f4fe77d38e78bb5f9cefe809cd8323d7a38a6ae3bf8f3867a8f5257920751eb6dbc9aa3a92f1e502fd7e6f4877e5c4f37a7d4779ab8c9bbf6fc8156e91956a9c3a687b061c3778dde237ac7d81f267d67f77f289d33f73f3db6d48f2df546bcbb7c90c864fc8fedb9b64e98fcf7a9cff95fb653faf979ebcee57b371aebaf3733f287e98fcefcd6e90991e6d7d2c20a07770bceac3bb7194c8e6590d0ae9e75e153376e3ab2e5d7d73eede7e1d7eabdef7f37cbec7d7be7db5faa7e87e6ba5fd0fe4a76debf16db56db5727e43f4530f3fa7e176de97e2ff937db5cb5efba9efe7f1f57bbbfeee6f9ecdf4558f4e3f35bdfa61f7661f31bbfa7ddf661f333cfa5dc7561f3858fd0a5eee7f06b5f685f563e3a7f5cdd19f95baf4c923cf9c77335c5b9eaf5736fadb57cf9e03f59f8ff0007a1f539b4f7f9fb6d5a2756db56db57917c7dfa01f9b3e7fa3f5b7bb721e8fd9c2c88e768805935469d5b6d5b6d5b6d5b6d5b6d5b6d5b6d5b6d5b6d496eeb56db56db56db56db56db56f84beedd9e95769b699edb56db56db56db56db56db56db56db56db56db56db56db56db56db56db56db56db56db56db56db56db56db56db56db56db56db56db56db56db56db56db56db56db56db56db57ffda0008010100010502ff00964abf116cb14a8de76991a6f6cd6f9f03e6465d41fbf26e361114491c89ff0054ee7706d76f9c1e65541e4589a4627918bb9c346e97d1bfd2fb8bfd2fb83fd2fb8b5eebb82dfbddd1778a911147713218beba71eedb84453e23dd92ff00a4bbb3fe916ea59dfb74afe9ddce877bdcdfe99dc69e10be97debf9fdc22e7d8ce9eba3a76a77a3a30c0603be1fc422354a5f9b0e8c861d187e1e561b9ff003dbf6fbfa3936de2fdf209e6826964fd1b21636fb60c5b5b21dddb0546858501f7076b84732ced8d51dc3f261cf709823db6e4cd0dacf15b488f17d8968f126d2b68dd76e91a5685ff0037bc5c99ae9585428868b8983e7a8bcd85bbdb631aa3557ee5180d09aa6dbd81d87dcad1dfaf9b24671624624626627a3f79507b16d7b8deabf9894d22bee224114c50590d2582c1628a13406d654961d1d3b46e218ad3c0063ee4caa0b7fa5b80c2985306ad21ed7646f6e920247f3171fb8bf1ade42542c6f048f42c2a8d2a61a5cb1a2e23ea8a4492d3af605a0b5a70bc4163574a31d8bdc67e5c5668e5423b069d1a0e47c2ebb1b547e93dbcb4dfd92d820fdfb8fdc5e232715866eeb64b2909b5b5735b14042c34b09612eee2e6088e4d0cf001a78dd8a5e21a74ed4746b5504e7de6e53da8e8c169508c433ca5fbf48971ee323dab7db9b096d6ea3bc87eecdfb928c9e203b8e12956702e8abd84dbdca1416bc921f352159872fd1491ad6f253cd8582ef4ff001a8d340a5a5895e6595485dc4778a45a6df71143eed741abded020b99949171129e41ee37051670aa882aa949712c87e15dcca17f765fdd8ed707aa74752745dc45ef36716ed68129ba9a40944ca29b7430803b50bc03e587259452aae76d924644b6a639029a4b01e21e01e21d1e00b5dac4b736d112cee9b76e0ab7405c6849ea0d297b5c982e35671fdc56a93a1737b73075d62fa545bc610e10d25e4f98f9af9af9cf9cf9cf9c5f342c4d6a8715c50c6ba8e63e6bccbc8be616242f985e65a8a5627dbe35358960702b216268bb035b2fbb30a4ae5f6a5e3e719a0b5eb5a4b497af61da8f12f178b29d28ef61245a2f99654783c7529646803a745191da445501021b8b33ad88a597ddbbd2e9cae5d481d57137bbdb6dd11312637cb78b0184bc5e2e8c074e8a749d194e46ca34874d12190c2581d5eca48003f250a3a693ff8dd92758138c1f777118dfb938c9c69d5bb1a586d9c3078bc584e9478ba3a3c581a80f1653a5b849580c3d32740d5ecf7f359fa3a892ef6b4673fdede3a7736b6be3e7bf2f1db76ca2da53a51d1e8c3f2ed50eb56082e5b88204dff008c6c22361e20daf949ddec54ff0049da3fd2566ff48d9b3ba58bfd31b733be6d896af10edacf88ed19f102d4ff00486eb752da20469d97fc6fef788d186e20b91c858353e27d367d87c46ab111ef9b6c8c6e5685fe93b36777b00ff4d59bfd3682d5bccaceed7a59dc37053f7bdc4b54b7f23366167dc2362c10ff0047465fe8b8dfe8b8dfe8a898db10ff0047243f710fdc52c58a5a6c4355a25020abf0e273dc7ef789ed8ae04a9c8e569e3bec625b18b6e8a309b18d8b18d8b44b16cd36ec5b3f7562d43f760fdd4316c18b74be4268220c4418883e5878078bc43c03c03c076940e5c09d3c216d95c7de9a144f17302665b95a6b5bc4e48e487caa311be53e580c46c243a34878bc5e2f4ec281d45464588a75116d72c58dd9636dbb2c6d33969d9dc1b1daa8c5e1bd9549f1aecb6bb66c96f35c04ed70450597dfbcd976cbd9777d993688978a78cfab4a5d1e8c51d0969b79d4c585d9636abd69d96ecb1b1cc5a760534f87a369f0f40d1e1fb769d9220c6d003fd16a636a2c6d4c6d41fe8b4b1b6258db90c58a034dbe2feb02cb99b4585b43793a0109fe6268532a7c49b4236c8d17c08b0dbe2bfb646c76ed3b2c0c6cf1869daa8d3b629a76a2c6d418db12c6dc862c6362d2362da30f9287cb4bc43c43c43a0fe63c654fe8cf80ad42ef7f9af19c502f64e55c61e0640b9db136918620407ca43c12f11fea52028470c308fe6b73b18f72b09552c2af09598b2f0fff00be6f11785f7b9f78b28956f65ff237ff00ffda0008010311013f01ff00457c57c60ce099165fbb91f493fedb7fee74feed9f49bfedb73ff19ff6db9ff8c8fddbae6534feed1f49b2fddbc9e927fdb732fe61ff006dbc9fe33fedb593fc67afe8ce0c9ed9efc1825925b62fc474b3c1ba334e408c835a663861e35a6594034fcf749932cc4f18b65d2651e625aedf8087dd22c649804e362691a17178d4963c9dda08bf3bd77b40638793dbf007f132c946c30c9694c589f43ac35cf3e28308d0ad22f57f12334ce4949c9fbba6af1c9944c4d1d7e14f12718e588e1de21c49f7032368997dd7dca4644c9ae6db2c4972e53b4a24e27f78fa711c8263d75f863cc9c3e58f87a98fdc1841daec763b138c207345daed69da9c5128c7b4bfbcbf863afc39fb8b858f86befd2db6db6df56db496ddcca4fef24f988d7e225fcc7131f0e6eb638f3ed97a846689f05f707e6fbd1fcdf783ef7f465965e8188ea2ec908393f26f23fcc6b23edcff0037162dbe4bfbc52fe6446bd3e5d931270cc1e431f0cba78ca5b8a304518c341e35b4cc0f2cbabc63cc827e4b00fed865f35d38fed32fde0c3fd5c5f358a5cd17e43aaf7b299f674dd5cf1c810f4ff258a51bb727cf618f1ca7f7923e914fef29f4832fde2cbe8027e7ba865f31d49fed32ebf31fed9659e67c97776f4f92b193ddd14b8a729b91fd8f1e431f1fe85fffda0008010211013f01ff00457cff00cecba4946101c963fbe593d71bfede87fddaff0063fefc63fbeb1f5c5fec5ff6f687fbb7fec5ff006f7c7feedffb14fefb6e2230c7fec51fbee3d717fb1ff7e31fdf7c5eb029fdf7e9ff00c52ffb7ce0ff0010bfedf587fc42fc3fcac7acc3ef44577f57d5c3040e4c8787f793afc7d56cc989882d32e1259171cab244ff0057a88d1a494cb48f4d231defee6fc9e1e9f14f1e695736e3f93e9e7f8720ff005d06fb7f7cf2d4611ff0b38d32258e6776f0cb86526727abfc4c8a5846cd3d4c76c463098b393fb9ff0013fa991cd97f08ff006bdbfbe5e71ff9dc50898ed9a71d1a72c698e62133128ee0cbcb903395c41fe8c8e9f1b8ee7b8f80e695caca5cd17e3be7e7d2e21831c050717efb5480cd0e3fa38b2c6711389e0ebfbdf1e71ff9d9ca826576fb673c2e02c865d091f88b8318c7fd59441f44e144418c616e4e9b6840fe8c7aa908ec08cff98673848dd53d2e3c672439658f92f5003fb8bd719e29e03fd9f1fe7d7f7b4718cff85ce786f97e1e47db9b9bf34c743277b8fa831f0e780d827177bb9de5332e1eae71f05975032c7c72fee17f1b27f835fdeb8ff2e07fabd427f13d11dbd34a5fd5967b6595f71de99224c72fd920ee6ddcda03d30f25fdc2c7fc59ff0083fdf3afef3c2fa707f22f52197e27e3be33267f8f94b10b20ff00bc9c9d1661f8a25fd0e53e2251f199ff00c563f0d9bfde0847c2cfd641c5f0b0fedcff00d667d2741edec00ffaecbe37a4ff0018a7a0e97fc62fe93a5fcca3a7e8c79bff005ffdf8eee923e23fec5eb3a88ce3fcb141fdc687f2667faebd6f4c33629633eaf5980c6e27c866392fc7fc84b161f6c32f9597e6cbe44b2eb8a7ac93fac932ea64fb922c6139780c3e2fa9978c67fd62c7f77bad3e31171fee975e7fb1fec430fdc7eacf9219fee7f530fb770ff78ff33f09f1dfa5e9c623e7b3aff8dc79e06321cfe6f5bfbbbd5c2663b2dc1fb99d64a2092031fdc3cbfdaca3fd661fb831fed65ff61fefd61fb89d37f6a47fd831fdcce847a1ff005d87eeaf403fd95fed587c2f491f18a3feb30e93147f0c00ff0032076f518ef20eeeb226edc62a23f639e3ddfe85ffda0008010100063f02ff00964aa8177490a4e85f45dc47fca0fa6741ff00283fde27f17ed0fc5e9f7c896e23491a6aa0c2e350524f98ff00554f3a78a5269f36a3df8be2f4591f6be99d63fca2ff00c624ff0008bfdfaffc22ff007ebff08bea9d67ed7fbd57e2d3303aa569fd6fa1440f47fbd57e2e89b85e9f12ff00c657f8bafbc2bf17adc2ff0017adcaff00175f795ff84ffc657fe11647bc49fe11725bcca2ae68afda3fd413c5fb482d5fce487e5fc2c7f3501f8d3f1fe7f916facc7f53eb1ef515750453f5b32448e3e4eab210fa944bd11fd6caa11d49f2fe62547f24b1fcc15abc9d6e134cf5fb1a2549f64d5f5c6a4feb7fbda7cc17d1708fc5d50a07e5fcdcd31f325e47cdf4bf6bee1b98bd93ed0f4fbe41f3607f308b71f98ebf27a77e2f8fe0f4afe2d3772ccb86049046a7afe5fccacfa02d5f17849ec2ff0051fbd43c0bc78a0f0fbea47ec923f985cfe43a47de8a003da3afcbcd84a7403f9993fb27b10cda4ba4c9f67f943fbafe5f7796bfb1f2d7c47de993fcaafe3f7cd38b4a55c7eed0355d5cdc204abd0027501ff8c23f1744ce83f6ba8fbf27f64f6c8b0b5a4850f30685d72555f32239a7f58ed57af6e70f691fc1f78ff2923efe1f963e3f3fbd9ab8079d7dad5e85d2ac142ab19e293c1a678b81fbcbfec97af73d91323f74be23d0bd3d91debe4e90f503c1d312f51de33fc92f57c5e8f83d12cf280cbe25e2b033f3d5fb23f17fba67990a90a1ea087c685e878b93e5463ee26093d95e9f6f97de57c8fdcaf6545e7c47d8f9512f994d3a47f5ba21213fdad5e4a94fd9a3f5f9bd03e1f70294354fc5d6393ec2f19518fc7ef717c7b75a41fb1854479453e8cc76e812e5c75a308992507e3dc314f2695fed0afdd219fb9c1a927cc51e23cbf9ba1d7e05e76fd27f67cbec789d08fe6b158a87580e07f53c6514fe063b407f903ef2c7a28fde52be3fcdd7d3b7311a2d1a8f88f46897f68f7a3af7afdcd4547987cb4fb34a8ed07f607de987f2cff0fdd965fd9492c7c00fc7f9a57cbb82e4887b31c869dc7af6a3fb5d3ba5fc1a29fb0c38d3e891f7a71fcb3f766fecb29fbc7ee519edf37229074cbf5f727b8f9fdda0f3669c2318b8d3eaa1f7e7f9ff0057dd90baf953f9ad3b67328213ea4be5da854c7f68700d284c8114f23a3d264fe2ff007a9fc5fef53f8bfdf23f10f59d1fe107fe308fc5ff008c25fb655f2497d28915fe4ba456aaff0028d1f2e52228ff0090e81c23f963efe5fb6907fabeecff002feb7eef7319913fb43887d3301f03a3fdea7f17fbe47e2ff7c97d2a2af924be88a43f63e9b757da43d2148f9abfd07f907e25fef523fc9ff45f55c1fb000eb25643fca357fbb0ff00763f07fba1f83fdd0fc1feed3f83fdd8fc1fb03f07ecbe0f83e1d8abd3b403f955fc3efa2e93fdef43f23f74c54ae443d10fd80f48c7e0fd91fcc70fe795f2eca9cf08d3facfdf54327b2b142e58b82a2594a81e229f7120faff00a8740f48cfe0ff00745feedf003ed7aa83ea5fea7f4856fa90aff0cbf7adb061273500a94aad127e058fa607ec7172e2e495a4150f8d3f98f78b8b74aa5a532e07f53e6db0380e238f71f7740fa6357e0f488bf647e2f5a07aaff53d643f83d4a8bf649fb5feeabf37a449fc1e881f83e1fccc573c45b4a091f0568e182da1a4ea50c4b009a91fcc94a856ad57a857d1fecf9ebe8ea2351fb1a2e155eaf2f47ec13f6bfdc87a443f07a21f0fbdc1f07c3f9dbeafec8ff830725c91fba469f357f36be6f1c938ff0069f148fb5c91ad3ac321197ed5757c1f07c1f0ff00535142a0ba42808afa0a7f373594bc254d3e47c8b5c329d63241fb1da23f3489e62be6bd7fdf3dd9b3b35ae3964252a14a7538205fb51c6949fb07fc8e1fffc40033100100030002020202020301010000020b0111002131415161718191a1b1c1f0d110e1f12030405060708090a0b0c0d0e0ffda0008010100013f21ff00f74ae4efb107e4229b3f497f34092fd27f746e1beb4e33fd29cc0fff008d12a48023f9bc2545047eff00fd2bf926e30fddc1665e676c8c686f30d077be5ff37f9be54bf11fecbfe55fdd3879bfc39a47117c7fb2af39b1cebee9ed5ca686f4a1fe6e073a82c7e2cd3a3daac06ae13ee9d27acff0532c3727deadfc8aab551a0e829eca270a197fc64fff004036c9827cc6583d551d575622989ff9160d284737c3ff00115dc93fc0b2cff86a268a626e53e29d8a62826c36c7f523ff00cfe2914aba17fbad190c361f022e6a1ac93076fdf244b63a4ff142cdf6ff00b5228690393bb262ea879a52ca9cdfafafaa2ae691cd35b1d515ca9bce6f5449ac66146393a157b4842772c7fd747fa582852a9b052f493f9a3407d87ffcbdafc5f0715a72b29ca8ce0b99369cca4f9a9245e502c3b3dfc3ff0010142878a6bfe23d7895c53d2851e6977ba19616fb63f11cd80188afcd576b57a6f813414ad7b7f5448e09276edc7bff00f27dd2bf57f79412c2f3f85f8e9bb8e23aa8556c4ffc1b4e4213c9624ecbfebfe7aa512da7579f8ac51fd234a8a13ff0176b364faae77fc59a9f3526ad6a91db9a519faefe94788300741ffe4ff8df17f3683c9f17dab27f07f8daa333f0f160795b8e5415f9caab2795e1f3598519d85ff230ff0086d5e0b983e93703fec2b378598f2615c47097e5be859d9bd2b7e1624226e529390b99f134e17e2d4241f1a04927afff001ff8df172a7343c1bc4d855fa29e6076d19fd54300e63f61733e68e2a682bc35e130df7ff8a2289da431dd85ae2a5e773f194f54386badf02c0dff00800235fede1719d50924a4da42f92b168097e0aacdcafdb6caa234acc32798ff0055a89e9ec7c3ff00e2ff0029e28b0a03053bbe311520feeb2d0b1d1ffaddd2b0b9b082eb5d51ae6acc75c0981a78c1f1444960a41d12b11511f0fe94ff0074bf29a3191cdf914739dc64ba2e718450684d5685bcb1be28277278dfe2a9b0a729f9a6c7c071a9b82f4aa064feccbf41a1549b01367c8fae0e5ffe2ff1de28857fe707d5918a22e5faa4d60dbc35248e6a565327a511ed0bf81058d0cf595e432fda7f9ff9402714373166e629c705e59d02431ffe5935feafc97f1b763f74a999a4f166f14f553b1ff8235e45fd898a9a552663ee6b32b1c80f20f2fdd3c04e04543557fcafd8c6fae8fc8fff0008f603703dd386ec579628c30b3d3402f197d970f8e16325b1e50c78b1f34a35cdc5cdf9d3cd540c2f21348fcb2e5f2eaf2a614712eb5916556db13e3fe85164e2cd5205ba49b3fea5cffe6a82e7c3caf86e85b0885463bfe1ff00f17a2c7eef5561bcef55337d605d2712fe6f5d4b344d0cd86ca94245104f456c795faaa49ebb2ac480a78bb7f5406652fc7fc138ba7d0b240bcdf1735f5627fc33cc58ea93c65c9c2343730cdefab96c43fc63ff00c5f1caa6f26ee28448bffa1705c93b8f95cdd698ca32f94aae1dd33c586143ff0024c05729e3fba0845143cd173223fd7adb8f76c1cf7623eca01f34f6e38a989cb0bb9f095222a74a6177c526bd367c501d0847e6fdd5f54cfc1ffe3989e2c6573028a0d9b7947e68d7c44d8533eecbba10a3120a29f45ff93379459e4f8ac43a96edde4bc28a9120431e18fee8c6df6bafc1b9cd765b0ff17553af7358886c011504bd045217264bb04865ece6fa42fe5a1041ff00e2303c87f22cc95cad3aff0083ea80fe4a413aba5846cc50cdc33d5207c5849eae62c964b958fb0b38f7dd4279c800fcde8d8a11ee275bf6e897eeec3feb49e5fc7bff00c3d8f9ff002bdd0f0ffc3cd4718fe379e4f8dfe28f0f94ff00ab07f1ccfe62adf7a5fc26cff4e1993daed3854c9bfc5fff001ab75fc77fe2e5573635b19589f53f2299e99e3bc23cde7e5f6ff74293f1ea7cfe2dee0f866a7bf247fabe10fc7f94a8fe00fedb820fb1fe2b84fc7fe8af013e97f75c4dff0026626fca709fcae71f06514ef4733f0acbfe953ff394e4fd6a5e0be94471fc58331f5666806541e2910dfe95f2af13c7e84fff008c1c95bfe3f9b925e4d5cffc9150023eee359aa35beaff00ae54d807d163e08faab10dd8a0ecbe053c57d14ac50ba9b21ce2c7e2cb88be054982faa87bac5c583aa1ed2b0065da76bfe663dc03fc7c4fff008c04947c4d95670b48a37e6ec9bcdab8686833fc37c36180be9b0e8a7536c8d15396508b1b2a0a02a81626b4e23646cfd59824f95571afaa37f64bc958e32fc0b55e5faa2138f487f5478b7cff00a2ae4122362630658adf258c8d373ec367a99dff00f21636f654f6c27eebbee11c1e65bcd4508788cfe9a0eb62583554f257eae92bed78f1f3055f54d31b3f95feaf1d9f09a8fe254b9fbb8fe29f9f9ca87afd8de1847a5e1e7c0a705774be72f8d4f051f547d5e10a1c2c9de97d0dbf0a53a7043a7cfd73617d017cbe7ffc98a80423dd84f8433325c79559f853f96b970ebc91c8d2ff00255ea7de5e21fd6f403e0ff8dd82f70a5e4a5ea8baa3ff00800141f57d77d77d3ff083ff00c7c0a7f9e92ee8cf4c3f81ff00f2e313ce9d4b17d44d8786f32a2ab18e21fe1c7fc7705ff003a07ab07ffa23c2604746ba0fa4297e3ffcb1db407ecfa1ac682bf6a1a12207eeff00410fff0053ea314c4d7339cd8c6214e2487ffdb0ffda000c0301000211031100001000000000000000000000000000000000000000000000000000000000000000045904804a12d3cf0c28c0000000003e78a33332bf11e0bf71c13400000270bd6b6e24edefb15cc60194000002c8a236fe021b516ebd078505e28003a092f187bf587b35aa94276f4b000252cf2390806e7858837a660e9bc0001e191d187d56ece3f294bd0619cc01f0a046e894d9ff0041998e55ce32c802914df24479d07ef3533d3dfea7c0000ce1f41344d0234f3f127081d6004000390f0810000000000000010000000002040000000000000000000000000000000000000000000000000000ffc4003311010101000300010205050101000101090100112131104151612071f09181a1b1d1c1e1f130405060708090a0b0c0d0e0ffda0008010311013f10ff00f4a5dc07067d6f90fec4fd1fd1ff006f827edff63e87f6b93afed66781f63fedabfd1ff6074bfbdf5bfadfe23e9bfac61d7f665cbbc0efe7f8c01eac82cc711fef0e57c46271040b664b66784fa99299c18fefff006eb77f0ca387f093f278ff0071a67cca373c366321ebc1a64f87840173ff004c8236ce261cbc3875fd79fc387ecff738af24639f1bcc3e8734833bb466fac78b10413c9a86bf9707c131e87e89dff3383c4f5cc7edfeed20c18a66f5cc3752fd90a3ea82972d6593cebb7d06198bb00c39ce339890942367cbf33f5fd3de23f2ff007765d56d9f72452624ca9f741b166042f32776923f9dfedef17f6ff7776e8909df82e2c59f3988a6193966fa11e1d05fbcdfede80c7e4ff13e7c01f181cff2f77300ff00327d8fde60fdff00d9ff0013f42b0ff7ff00e6db2c1f4c78feb7d1bfadf68feb1f93facfd73f67fcdaf7fb4ffd91722fde27e90ff7ea93f164270ca660e7a85f10fa2cba20fa2e2d2677ccba65fc9779fb9bfdaff947fc43e85fc7fd85c7f43fcd9818747f1f811070f8f8839cfe73c8167d0ff297cd7f73fedff61ff27f5bf7ff00338e10fe3fcedda7f49fe2edbf71bb7dfcd653db6dbeb6775f8837f28107d7ff00aefe2757e52fff00a27fffda0008010211013f10ff00f4a114f23bbd74749df3fb5f0a7f253fd363dc3e55fa7e53f57fb3fc4e1c3fd9fe27c4d5ce7fc0211f37da1fd6fc91ff00113afe97f99ffa44ff00d622bda226ee27dff2c7f9fc79d01fd7ec7de3b669a23de709d6fde21cda788bc1925b727a1fded198dcd6b937c71d7f30266e1df3a63fd8ee5b13fc3fcc2347f0a8ef0ebf6ccfeeda45e9ea1f237d4818bd96d584fc3134dbf529281f1439fcde5ff44c73316f7750014dedf19c1c71f3bf84efe47fa4afafb13b187932be6e44b0c7e73385c1c5b7fc8fed7371d5a4583f23fafbf53b7ccccb4f8e6fcc4a1d5f95fe7fc459baf95d7f09cfeffbda220d13e47dd1ff004ea6e09172e6446701c3afbbfdb9b89cff005f6d9871c3f1d4f6c07a9d18c317f97fcfda3d3b3eb16cca802efdff00bf56af0bfafce583f8998139a6ef19cfd7a8f6b21b243a21fb0d69fc26ff003efeb8fa5944ee172f027fbb4ac4faceeeec9f2cbfacd6ae3e927e4dc4fa32fe59bc1c5f09b9bfe2f8b13c06fe507f81fdfddbef1fda3c43948376ff00607f99be57d498eae7d8066e671c7ebfbca95179dcf627c40dc29f6ff77ae27c1fd92e2208ada30f1b8e674fcbe92b827ee37ca5fc32fe67e7c7f793ca07e8fadf0c7f2ffa1b46967d8bfdf3fb3631efcb857f3e338f8ccb5701fb40eff68ff363ff002ff0df34ff00089b95fcd7facb1e25f019cce7c741fb07f9f7e109fd7b3fad947131f137438abfafda6fcbf79ff37c760fccbfccbf9b0772f88fe43726d3f47c4aff005267f7cbe8ff00cffc97547f35ff004319ae5e7b66a01d2a9d6bff0030fc01ab4718e47e39ff00568c7d09c8fdff00f72dd87f55dfe827f59dd0fc93fecbe52fe5ff0048bdbfe47fa67354fcd7facba30fe6afeec167ec8ff72e3ff2807fa80ebf0e177bfc5823a980fd3ffc3200ff00fa2fffda0008010100013f10ff00f74ad407c37e459fb5821227511f08a41e367f8ea1e427b3fdb4c131f09fddfd523366cfff00872c0348261190c50c1925b7a0a367ff00c991e3ff00d03997ff0089fca2f1a6cf06b7eeba07adaf61fa1b9641f341d7f0abdf820fe1b349423031ea2a2dfbbf94a308879184d00910f00a1d1ee4720f53fc5e54ce51fefb0764a54ad69efbd264d70c5ed0304d74927078cf5b6744b0084f89ad24dea63f86be415fa7e38fd5db92f687eb28a460998e23ee82929ce327e6fc808c3ee6c608a6913f2c27a69ba5d198d977c8cfc1ff00e8189443d1bfb05d48923fd7f55c2a1b049ee9dc652c38b99167a9c754d118d53aca38a467a5211fc531e1247a94d715260a89d2c96af1fc562f5440294a1b410bcec93684526090755a4f1520825466231f3cff00f9e881113e98c76f9070359b9e2e7e392223d4c9eaf2f7d30880a3c9c586337861fd07ee9b07f3285fc0ff0036089f955fb342a840445c08ee34fc530b2bc948a3a6c4474ad200e6ebb96f4b6785e2b4944a039913fd5887c0dad1d1b0f750050a45827aa848f3d5465b2d6c31a1e62992994c23b93a21f9685a18814a1e8cac09ae5717ed5264fd051f3025e3cb287f116fbe9627e45a23c6ff00f92a04bc15256787ba07e02ea93789974f49c2550ecc4428fdc58e41f0aff36239f99a7b51359378eb8a787281f0bece7c36192d603375de298c52f6b3a4bcd2fa4fca08deb6803f05824b6c4c14583a530e734560c68929f5604a755908381f37e85e044101c40614b098b9853d4d8a4423cb9544a53e52fb6e883c9b8f50a623d880d41c7551bd0eff00f92a4f3f804d9c4eaa07eee40387c367a17f03d582913a3ec73501243a8a44f2190d70eea8e32d200c2b84c46944749eced7b3ff0068411cb5036901dc6d324e897c0e295270eeaac67fc139fd554e629b9504a1d5638a9c1ca81a04b491e1798e92759aff0082b4e11cd145e29b62629dc31583916218b4131a9f83f744a886400800f01ffe4ff82f3b9608ecd4145d1dc9b454be8b0d87a1f81e6c63b5b0fe144f64b07af349072a210aaf3618707eae171ec9983f84eca2644578f49e938a813dd6fe154f9c3780e21a202b0b0b166039fb5a8a071cd2a228d2d479fcde60508a73bab2271bdb94c869f957f164138350e18bc17481ae4accb8ab26107aa5f876a2d0ec83398379bb893fc3ba557380ff007d0626e1523f67ff008f09fe53ae659c2e5d1c2239f2d748a43246447b0e8f5580525e49dad15a7cc5047c927b3f15d3b2d60dcb5e471ff0b10b29fdd0fc18c3e69f7cbe26880d698f8514f2c56d38ff0085163f6ea53f80b248ac4907f7e28dc6b08c14a127878a0fbafbb9600ae45d3e9cb4ae680c03b6fe0d8f1721efaad39742e470a701267a09b0cc5105effc26c58807baeeb31b3d554210e507b0d97b2c54d6a7dbf61ffe2226f0ff002ee9d132d123075614edc0b083098d8a8df7d4bff9dd9d73f041a9f0258f2344b030cfb7a2c410d7f8ae789394a4683b204f75d608337250c7872a2cc899e8d848ca8c72b55270724ae56277ebcd8054655f4728972524f9e2f350f2248a8bc8ce2136507dc50b0be8a78514cc4f6c0f1549e1b225466077bb37e9a775944e4821f882d2dd90101c24347a4fd5ca7d989f4d3a7194b58e62c8ec8979ff00e972ba44c7aaa77fc2e43c5324648ee8410295e803e787e7ff00c5a3ff00095f99aaebe02943992fcd2f354a4c09a4cc6de0042715c8fd924fbb36b725b51288cf10f15b1c3cc71fe36b55bd8c8189186a7e69d679cacdfc9a6c041eaad81f558fe8a832beaa68743027210520ce4754e1b842430e0214fb1a76457007e23cfded38beca49193f5561242ace8fc50981f1774205ee25f15e64a7c940411f63f8b3518c12f402c7c258cf0b00965fa2028b0c054a63df3f5604c8ea88cf427fbb2485662a3e513ccc9d8f191d50174fc34fff0087d6dbf2538dc23f0d5b79bc86d98e8179b2a697269f7961a2348f0826fcdce89300f0c58f484f16312929f4d04d0bc311574d496b94e62851662d851aa77e2201f63cd573cd2b9f98e5e9cf65909cb931ecbcf78e6ac878fdd4dc60eee20c7abb832f1409961eec76173f67fc006334d1e6883f4d4d53d1edea39fa3f5663a207fa47d30d9c03439c367e2f201fc0ff00f8bff8e932ca513f329833126ccc4408e3bf8b0487234dc2b5a4187ed50204c994a4d59296e9f14ca7836cd30e16405ac4938eab40e895f3e1967b38a10f0297caacb92ca38d1c09072fb48d7271c3442c653650e9f2144e3b50761ee8b84c3ff6b204c63963312513f0d38876e3e2f23988fc340b9e263d500fc2b0826c33f17231024e171eacc06ac94123af099eaa2dd8e5927afe3fff0088f4307f6ae0ad9b885b202c48087e27ee96248f1e4a73ee8833321c094d125f9b07aaab31ce543f92ca0684fcd0498e0b149412d300a811749f50de00970fc51016a5cfc90cf43c3f929b591701831f224a155ca733a14f9a823032f31c588bbacf9ab930b436198665f40ffbb100407e0ff75a735448fbb3fba9180da3b84e7f5740905e27b1f9e2f39f9ce624c5980f0fdb7008c3f84fff00178845fcb3fdd4a5722f0dd3cd2d135faaca307f12fee9f36c9eb483f8b33262f6715241b44083626a4039bba0ce52321113e9bcd7c1e2b285e5a098eda3c24fe8e3719d0478278ba91e17c9678b4238cda2a50ca440fc213e6af573bf74f8f191f2d0684680f4172ff0ab754ce56e38612fd42caca3e1bb201638fdd261b155fc8fca9b5395ed7fab01cb268edaf4b1f54993f810ff00740300c2c964ff00f03b67f6f3fba51ee3b416f99ac219926a798597a8da930fc8224ee9448f83dfc3790362c1193dbe2981dd30d5250ef9b084d4f9e2c109a8b71b1f2516489287917928f959090f2a2b750643d7520a75047bab030ec05d5504abab3b4625dfe3cd74007fc79a22b14e7f8b4d807dd80d007e7379d9fcdfd90d7fa359cd5aa64e1c6b7eab1321e017e27fdd5284c914fc8a67e410b05a9e7cb5464cfeb3ff0011282ffd58b18f32fb9aae1d85bf9bad7ea511764f90d2bcd069e2c004f323f34e1e59c4fa8feae083cb0ff343c87bebfba6b3eb8ff09a6e03ff00b246aa4f8d0d8623bc43fea9a8a77fe21f37f80b0bf74dcf3099dfb2f35d10ac43e8bf6b1cdbdc7f9504049d49fc53b11318652010fbff00451c7f95f55acff95f164cc63c7fa29f1f0749e829d07fd5198768050758ddd15c44c75e688805463e573424ff00774da279d22fe3fe3bff00e066ad34d071042fa01f9a9239ff0055a279a4b33ba040bdd324e5d1cbfd5201572c4ed0191e4343e47f87178d36c1feaa2403e152127c50403991b19da2e90e379564434360daee0ace6e86c0cc11616052ad64450a1053aa8290086a146acc264378c1483933739705283883bf14d075cdd27e48ce03f4a38fff000c16351e3d30c7bf15256f12a087a68f09c539b84e6e08fddd639f8a2ec248a128089bda3768205d034eec050e5422c23dfab0502a2b14c72cdf860a0dff0090fc0e68000c01f8a090254a077084fe20acf8d88ff552f9b0e63fcd9708ef1ff763892f233f0352837fc0e2b449f88fdab4fb25354e931a81fd83f5678586460b548110a0a9e47637c6767c7bf514d0070602439247cf14e3ff00c61410c8048052875a8eaf1804f2f16463ccbee8937cb43e19662b0b5f001fba0411265dca78b1e726cd6615b1049c21b3f82bb07784fee0a5fe5bfc8d6f4de473e6ef19ec7eabfcbecf294726798cfe56b03a3d4fe0570fb4f3f84a2c3f29fcad1454e0edfc5fd178fe0a5c43e0ada2cd09a8fc53e3fa586934fd35b902e538bbf194e7113cc03d4be682b9d4f3cfa8464f51364c427c900fd9da71ff00e41b85009038895ee0eb4b105fca18c1d6a64f900afb82a7b82aa2722f651f105343adccfe22c3944f95fe5be72a48ff0045984dfa4fe0ae830576d8a7f558ca43c9bd7ef4afc5e007e2f0c2f04687c1fc5f4ec5d285c17c0582c160ff00f015264420580a39e1d9a3fc33e65ebe627dd80fff000bff00e163849700e891e82773d565c3f344473907f363166cd004e1e19c83221edb098cf54280fc503a5e917841f8a1f00580b07ffa101c64000f22389586f40f5e5092ff00f96401ee10e27a4c7eabe070f4e2fc8d92588ef5e7e3e00fff0053c2ae3933b5800a9988a72804a4454f6499ff00ed87ffd9, 'yellow', 1, 1, 'fabric', 'furniture ', 'sofa'),
(2, 'Three-piece blue chair set', '', 'blue', 1, 1, 'fabric', 'furniture ', 'chair'),
(4, 'Samsung 55-inch 4K UHD TV', '', 'black', 0, 1, 'glass', 'electronics', 'TV'),
(5, 'Hisense 50-inch FireTV', '', 'black', 0, 0, 'glass', 'electronics', 'TV'),
(6, 'One-piece black sofa', '', 'black', 0, 0, 'fabric', 'furniture ', 'sofa'),
(7, 'Two-piece black chair', '', 'black', 0, 1, 'plastic', 'furniture ', 'chair');

-- --------------------------------------------------------

--
-- 表的结构 `ItemIn`
--

CREATE TABLE `ItemIn` (
  `ItemID` int NOT NULL,
  `orderID` int NOT NULL,
  `found` tinyint(1) DEFAULT '0'
) ENGINE=InnoDB DEFAULT CHARSET=utf8mb4 COLLATE=utf8mb4_0900_ai_ci;

--
-- 转存表中的数据 `ItemIn`
--

INSERT INTO `ItemIn` (`ItemID`, `orderID`, `found`) VALUES
(1, 12345, 1),
(2, 12367, 0),
(5, 12345, 1);

-- --------------------------------------------------------

--
-- 表的结构 `Location`
--

CREATE TABLE `Location` (
  `roomNum` int NOT NULL,
  `shelfNum` int NOT NULL,
  `shelfDescription` varchar(200) DEFAULT NULL
) ENGINE=InnoDB DEFAULT CHARSET=utf8mb4 COLLATE=utf8mb4_0900_ai_ci;

--
-- 转存表中的数据 `Location`
--

INSERT INTO `Location` (`roomNum`, `shelfNum`, `shelfDescription`) VALUES
(5, 0, NULL),
(5, 1, NULL),
(5, 2, NULL),
(5, 3, NULL);

-- --------------------------------------------------------

--
-- 表的结构 `Ordered`
--

CREATE TABLE `Ordered` (
  `orderID` int NOT NULL,
  `orderDate` date NOT NULL,
  `orderNotes` varchar(200) DEFAULT NULL,
  `supervisor` varchar(50) CHARACTER SET utf8mb4 COLLATE utf8mb4_0900_ai_ci NOT NULL,
  `client` varchar(50) NOT NULL
) ENGINE=InnoDB DEFAULT CHARSET=utf8mb4 COLLATE=utf8mb4_0900_ai_ci;

--
-- 转存表中的数据 `Ordered`
--

INSERT INTO `Ordered` (`orderID`, `orderDate`, `orderNotes`, `supervisor`, `client`) VALUES
(12345, '2024-11-16', 'Multiple items', 'zlx98', 'xjy99'),
(12367, '2024-11-24', 'urgent need of a chair', 'zlx98', 'xjy99');

-- --------------------------------------------------------

--
-- 表的结构 `Person`
--

CREATE TABLE `Person` (
  `userName` varchar(50) NOT NULL,
  `password` varchar(100) NOT NULL,
  `fname` varchar(50) NOT NULL,
  `lname` varchar(50) NOT NULL,
  `email` varchar(100) NOT NULL
) ENGINE=InnoDB DEFAULT CHARSET=utf8mb4 COLLATE=utf8mb4_0900_ai_ci;

--
-- 转存表中的数据 `Person`
--

INSERT INTO `Person` (`userName`, `password`, `fname`, `lname`, `email`) VALUES
('VivianZhao222', '$2b$12$5LJY4K/op8SNhEUJF8LdqODECQZKnFDqa86t8uehuF/zRy1Z6qKvC', 'Vivian', 'Zhao', 'zz4099@nyu.edu'),
('xjy99', '$2b$12$zNY3JcpQ14/hqIyKYR0Fsevn0dHhYjcPIQFtaTAW3kzJtJXxapTGS', 'Diana', 'Xu', 'xjy99@cornell.edu'),
('zlx98', '$2b$12$CwqSYF8w.lQWgg7x8PgUhOM4ef82UYWE.H7OFbIvNM.p4qiCMcW3i', 'Lanxue', 'Zha', 'zlx98@gmail.com');

-- --------------------------------------------------------

--
-- 表的结构 `PersonPhone`
--

CREATE TABLE `PersonPhone` (
  `userName` varchar(50) NOT NULL,
  `phone` varchar(20) NOT NULL
) ENGINE=InnoDB DEFAULT CHARSET=utf8mb4 COLLATE=utf8mb4_0900_ai_ci;

-- --------------------------------------------------------

--
-- 表的结构 `Piece`
--

CREATE TABLE `Piece` (
  `ItemID` int NOT NULL,
  `pieceNum` int NOT NULL,
  `pDescription` varchar(200) DEFAULT NULL,
  `length` int NOT NULL,
  `width` int NOT NULL,
  `height` int NOT NULL,
  `roomNum` int NOT NULL,
  `shelfNum` int NOT NULL,
  `pNotes` text
) ENGINE=InnoDB DEFAULT CHARSET=utf8mb4 COLLATE=utf8mb4_0900_ai_ci;

--
-- 转存表中的数据 `Piece`
--

INSERT INTO `Piece` (`ItemID`, `pieceNum`, `pDescription`, `length`, `width`, `height`, `roomNum`, `shelfNum`, `pNotes`) VALUES
(1, 1, 'Sofa body', 80, 35, 30, 5, 0, 'Stored in room 5 without a specific shelf'),
(1, 2, 'Cushion', 24, 24, 5, 5, 0, 'Stored in room 5 without a specific shelf'),
(2, 1, 'Chair seat', 18, 18, 4, 5, 1, 'Stored in Room 5 on Shelf 1 - Chair seat'),
(2, 2, 'Chair back', 18, 2, 18, 5, 1, 'Stored in Room 5 on Shelf 1 - Chair seat'),
(2, 3, 'Chair legs', 2, 2, 16, 5, 1, 'Stored in Room 5 on Shelf 1 - Chair seat'),
(4, 1, 'TV Screen', 3, 48, 27, 5, 3, 'Stored in Room 5 on Shelf 3 - TV Screen'),
(4, 2, 'TV legs', 32, 2, 8, 5, 3, 'Stored in Room 5 on Shelf 3 - TV legs'),
(5, 1, 'TV Screen', 45, 3, 25, 5, 2, 'Stored in Room 5 on Shelf 2 - TV Screen'),
(6, 1, 'Sofa body', 40, 40, 45, 5, 3, 'Stored in Room 5 on Shelf 3 - Sofa body'),
(7, 1, 'Chair seat', 35, 35, 3, 5, 1, 'Stored in Room 5 on Shelf 1 - Chair seat'),
(7, 2, 'Chair legs', 3, 3, 35, 5, 1, 'Stored in Room 5 on Shelf 1 - Chair legs');

-- --------------------------------------------------------

--
-- 表的结构 `Role`
--

CREATE TABLE `Role` (
  `roleID` varchar(20) NOT NULL,
  `rDescription` varchar(100) DEFAULT NULL
) ENGINE=InnoDB DEFAULT CHARSET=utf8mb4 COLLATE=utf8mb4_0900_ai_ci;

--
-- 转存表中的数据 `Role`
--

INSERT INTO `Role` (`roleID`, `rDescription`) VALUES
('1', 'donor'),
('2', 'staff'),
('3', 'volunteer'),
('4', 'client');

--
-- 转储表的索引
--

--
-- 表的索引 `Act`
--
ALTER TABLE `Act`
  ADD PRIMARY KEY (`userName`,`roleID`),
  ADD KEY `roleID` (`roleID`);

--
-- 表的索引 `Category`
--
ALTER TABLE `Category`
  ADD PRIMARY KEY (`mainCategory`,`subCategory`);

--
-- 表的索引 `Delivered`
--
ALTER TABLE `Delivered`
  ADD PRIMARY KEY (`userName`,`orderID`),
  ADD KEY `orderID` (`orderID`);

--
-- 表的索引 `DonatedBy`
--
ALTER TABLE `DonatedBy`
  ADD PRIMARY KEY (`ItemID`,`userName`),
  ADD KEY `userName` (`userName`);

--
-- 表的索引 `Item`
--
ALTER TABLE `Item`
  ADD PRIMARY KEY (`ItemID`),
  ADD KEY `mainCategory` (`mainCategory`,`subCategory`);

--
-- 表的索引 `ItemIn`
--
ALTER TABLE `ItemIn`
  ADD PRIMARY KEY (`ItemID`,`orderID`),
  ADD KEY `orderID` (`orderID`);

--
-- 表的索引 `Location`
--
ALTER TABLE `Location`
  ADD PRIMARY KEY (`roomNum`,`shelfNum`);

--
-- 表的索引 `Ordered`
--
ALTER TABLE `Ordered`
  ADD PRIMARY KEY (`orderID`),
  ADD KEY `supervisor` (`supervisor`),
  ADD KEY `client` (`client`);

--
-- 表的索引 `Person`
--
ALTER TABLE `Person`
  ADD PRIMARY KEY (`userName`);

--
-- 表的索引 `PersonPhone`
--
ALTER TABLE `PersonPhone`
  ADD PRIMARY KEY (`userName`,`phone`);

--
-- 表的索引 `Piece`
--
ALTER TABLE `Piece`
  ADD PRIMARY KEY (`ItemID`,`pieceNum`),
  ADD KEY `roomNum` (`roomNum`,`shelfNum`);

--
-- 表的索引 `Role`
--
ALTER TABLE `Role`
  ADD PRIMARY KEY (`roleID`);

--
-- 在导出的表使用AUTO_INCREMENT
--

--
-- 使用表AUTO_INCREMENT `Item`
--
ALTER TABLE `Item`
  MODIFY `ItemID` int NOT NULL AUTO_INCREMENT, AUTO_INCREMENT=8;

--
-- 使用表AUTO_INCREMENT `Ordered`
--
ALTER TABLE `Ordered`
  MODIFY `orderID` int NOT NULL AUTO_INCREMENT, AUTO_INCREMENT=12399;

--
-- 限制导出的表
--

--
-- 限制表 `Act`
--
ALTER TABLE `Act`
  ADD CONSTRAINT `act_ibfk_1` FOREIGN KEY (`userName`) REFERENCES `Person` (`userName`),
  ADD CONSTRAINT `act_ibfk_2` FOREIGN KEY (`roleID`) REFERENCES `Role` (`roleID`);

--
-- 限制表 `Delivered`
--
ALTER TABLE `Delivered`
  ADD CONSTRAINT `delivered_ibfk_1` FOREIGN KEY (`userName`) REFERENCES `Person` (`userName`),
  ADD CONSTRAINT `delivered_ibfk_2` FOREIGN KEY (`orderID`) REFERENCES `Ordered` (`orderID`);

--
-- 限制表 `DonatedBy`
--
ALTER TABLE `DonatedBy`
  ADD CONSTRAINT `donatedby_ibfk_1` FOREIGN KEY (`ItemID`) REFERENCES `Item` (`ItemID`),
  ADD CONSTRAINT `donatedby_ibfk_2` FOREIGN KEY (`userName`) REFERENCES `Person` (`userName`);

--
-- 限制表 `Item`
--
ALTER TABLE `Item`
  ADD CONSTRAINT `item_ibfk_1` FOREIGN KEY (`mainCategory`,`subCategory`) REFERENCES `Category` (`mainCategory`, `subCategory`);

--
-- 限制表 `ItemIn`
--
ALTER TABLE `ItemIn`
  ADD CONSTRAINT `itemin_ibfk_1` FOREIGN KEY (`ItemID`) REFERENCES `Item` (`ItemID`),
  ADD CONSTRAINT `itemin_ibfk_2` FOREIGN KEY (`orderID`) REFERENCES `Ordered` (`orderID`);

--
-- 限制表 `Ordered`
--
ALTER TABLE `Ordered`
  ADD CONSTRAINT `ordered_ibfk_1` FOREIGN KEY (`supervisor`) REFERENCES `Person` (`userName`),
  ADD CONSTRAINT `ordered_ibfk_2` FOREIGN KEY (`client`) REFERENCES `Person` (`userName`);

--
-- 限制表 `PersonPhone`
--
ALTER TABLE `PersonPhone`
  ADD CONSTRAINT `personphone_ibfk_1` FOREIGN KEY (`userName`) REFERENCES `Person` (`userName`);

--
-- 限制表 `Piece`
--
ALTER TABLE `Piece`
  ADD CONSTRAINT `piece_ibfk_1` FOREIGN KEY (`ItemID`) REFERENCES `Item` (`ItemID`),
  ADD CONSTRAINT `piece_ibfk_2` FOREIGN KEY (`roomNum`,`shelfNum`) REFERENCES `Location` (`roomNum`, `shelfNum`);
COMMIT;

/*!40101 SET CHARACTER_SET_CLIENT=@OLD_CHARACTER_SET_CLIENT */;
/*!40101 SET CHARACTER_SET_RESULTS=@OLD_CHARACTER_SET_RESULTS */;
/*!40101 SET COLLATION_CONNECTION=@OLD_COLLATION_CONNECTION */;
